{
  "total_annotations": 4961,
  "unique_images": 1747,
  "per_class_counts": {
    "0": 3063,
    "1": 43,
    "2": 352,
    "3": 21,
    "4": 61,
    "5": 25,
    "6": 63,
    "7": 775,
    "8": 471,
    "9": 2,
    "10": 2,
    "11": 83
  },
  "per_split_counts": {
    "all": 4961
  },
  "area_stats": {
    "count": 4961.0,
    "mean": 0.1576872166374282,
    "std": 0.21392026712148957,
    "min": 4.882812500000001e-06,
    "25%": 0.01776123046875,
    "50%": 0.0610107421875,
    "75%": 0.19701660156249998,
    "max": 1.0
  },
  "oob_count": 0
}